cosmos1qy54a0n0qca3mc20ahcazg0fvq7td9sz2nzrx4,0.071973
cosmos1qus2wghpxqqjmeez9reepxp0f4cpeay446c74c,0.035986
cosmos1z9p077a57nygyscrt54tvulpj8hukwafuufmk9,0.002607
cosmos1ztfk3dglwhskqyktms2ts4n8dgq62s46ug6s97,0.001439
cosmos1pq9h943cq80m4urh9kkethpjq63vvmdc04p4dp,0.001216
cosmos1zydsfsherl2zp3ya2setfddvstk372lavvh8k7,0.000986
cosmos1zs57whsagx2kukl5nk26efp43upsrxye4hpndp,0.000085
cosmos1pzmzdd4enwl203mdxyt3fftwxvl7f7u7g7g68j,0.000081
cosmos1q7qz5nw7f6678gmuh57d08avdu5l8xdmre5fzc,0.000072
cosmos1qfl6latnpdhzlgd2c4z425qfyde8etscj5jddz,0.000071
cosmos1ppya67rzfdwj547ju9l2ker5547gvglt37rcy6,0.000053
cosmos1p6adajclmaltlr9ynrcghltcdfw476nal0jwef,0.000042
cosmos1qfsc2tksks0797mm6rlq76wy6fg6m8zkpckgvq,0.000023
cosmos1pe54s54ajdd840hlysqgemzc3ahz2tplyjwxqj,0.000019
cosmos1qp9dxyv4e4gf4zmtrrgemsmuafehcl00screyr,0.000016
cosmos1ptqd9aw95nea67aps39ftp2dwmmxv4ghp5frcg,0.000016
cosmos1zdwtgule7d3ax7lzqvyh35ckw2xj6xunhz7y88,0.000014
cosmos1z3uwwup5mrc8aqj9u6g2mgqzztfclsa5d303dk,0.000014
cosmos1zr63u74w66nzzlxakj48d7s87rmecqhk652ujk,0.000014
cosmos1pwqls6w9nvam0wz9f9tpkppxq7dwf4kkjwm5xq,0.000012
cosmos1zth606ytx48ng6uheht5v638l0q6v23egfk04v,0.000011
cosmos1p8v5ll9ce77x6nzzpu6xyvdvnwe3wfa566j86c,0.000010
cosmos1pms3fkeudydxd8fark7uxndxv76qtc9pplzp40,0.000009
cosmos1pya0l5k6yk0hclrxhv2df0jlulg8uvhecr73zd,0.000008
cosmos1qkr97xskq9n6ctygaw2mp2lj477xxne8zzenqx,0.000007
cosmos1z0cyf0u4x4g9pjxhsfy36eag8m3q4z2h62z6ch,0.000007
cosmos1p9mytxpvt59p5q22ndks6hh6hhl45dec5e4jvm,0.000007
cosmos1zvhz2nqmtt9jxgnp07wpwdg9fhykf0tqtjkfpr,0.000006
cosmos1pkga5n8v60dcg3mrhk2z66twncy4r80qkflah7,0.000005
cosmos1psv8mxyz6qx38sgdspgy92gyz8c0ddnephj753,0.000005
cosmos1q0u5tvkajpqc0q5qaq9dr8pklkf3xrxym9ke9x,0.000004
cosmos1zct5cjl5p2kvm87lypasz3crul4tpfms6ewanq,0.000004
cosmos1qu6vrwyq05m5kpe4lh7cucanpfl3g3my5nkvsj,0.000004
cosmos1pnmns8yhsalje93mvmrzex4cu4kqkl7tvpmv47,0.000004
cosmos1pmwplp7jm8xycfdy885053dyr7ha39ksjats9d,0.000004
cosmos1pqxs40f0alyl5ntrgc9g37rvqvwlt0hh2qd7lt,0.000004
cosmos1p0w8dtgmgev4wwjsarf2as4mtyww267e43eetm,0.000004
cosmos1z523zngd5587v6aj8w4c08plh7tq20lcvr5mh5,0.000004
cosmos1qxf9vzmmusw8vxes5v0mclr3625mayz9htg5dj,0.000004
cosmos1pwsvxgqqa846gk5nk49dvsz42f8x4lzk4wprtv,0.000004
cosmos1qwwz2fynavqnrv00mg78u6lxf4lesdxkangrzl,0.000004
cosmos1qflwsepgktt8xukt70h3s4ha4undhavrwxg0q5,0.000004
cosmos1qq2jdkpt0ure3mcw270un7m8tqmwhh49ma96tp,0.000004
cosmos1zga237zyejje3jvehaagkl2kgtfst6ad8tved3,0.000004
cosmos1q5r84493qjmuc70afsfd9fazczzsyudrklk7tf,0.000004
cosmos1pkxqgqpqhzdsla04hh3uy544cy80dshqdwfkvp,0.000004
cosmos1zhx7mqyzyxtlcew36xwsnfeap3pkhz0uk53at3,0.000004
cosmos1qy026dylqj2xgnx5pwjwwr4a64027me63e5yz8,0.000003
cosmos1p6906xu66zet86hne5z3m6lrekc29gw8w09z99,0.000003
cosmos1pujpfg34u8vfyal66g073efcdy33rhuzcfc76f,0.000002
cosmos1zvfuak3n5wgrnptyq3ks0uwgqz07c33s6h26ry,0.000002
cosmos1qegv58y98m22pqlff66xn6f9radrz5uad29hjf,0.000002
cosmos1qly96sy3yklkwv6cf4he5ves4qu8yn586gnqjk,0.000001
cosmos1p0tw0af0rfjmtghh92erq8dus6plk6x0nfwqvn,0.000001
cosmos1zfp2daa6czt2x76rr3hl6wqfu2mx0ny464lfe0,0.000001
cosmos1qke04rp5n453kngn48f2mfkkyw6avl7nrryj0x,0.000001
cosmos1qakz2e06jcu5v4et7czw267tk7wly9n4a4dz2z,0.000001
cosmos1qazqc3wr40y3z5gnmydrpxnz5zvxlqwpp3el6d,0.000001
cosmos1qp6n9kdn2ywjrtp8gamypezlgllqqa4lcuv36r,0.000001
cosmos1z424a02vjzq5vnynnfpvmeaemqazxkf2d6s8g4,0.000001
cosmos1zr4eyvl4wf890dnhl9hanew4s4hcrxwex2yl0e,0.000001
cosmos1py7vnejer4auv8e0dyexvgkas4q08wpp33jtyx,0.000001
cosmos1qnxyjgxk4lj9dgwuh63u9hkfegak84nqpvpmcd,0.000001
cosmos1q7ggmc7s25tk0l35t59hnt425xrm96vw6acz26,0.000001
cosmos1p9he4f4n96rgtf23hdvysjvhzqs5uk8gva576y,0.000000
cosmos1z34z3cm69nnuek7ast4er6qkrpv2pskjc2knpn,0.000000
cosmos1ph0t7vlkjyuznkk0tptwtkq0mv68dal7uutz5j,0.000000
cosmos1zvyyqgjuxm9mjc4hhcgxr7gczmnvmkjhdjd3k5,0.000000
cosmos1p8mdd9k55whpdasstljewdhajz37a7ds22lvnq,0.000000
cosmos1pj7v03468qlzjgffjt93val5d88qkjhclkh086,0.000000
cosmos1zfd9r8tgagw27n753f8aswuuu0fyrly2vs5pwp,0.000000
cosmos1qmwxsfq90zn0reggntf3erssylc3vh8k5zezrf,0.000000
cosmos1zk37zkws5sd7v8x5c9a24glde4erev423rvxqz,0.000000
cosmos1z4ddpl38k3ctpwptkdsv9alv6apx8d6zag9h77,0.000000
cosmos1qkzvzhhqhc998u0dqgz