cosmos1x88j7vp2xnw3zec8ur3g4waxycyz7m0mcreeaj,0.209302
cosmos1qy54a0n0qca3mc20ahcazg0fvq7td9sz2nzrx4,0.071975
cosmos1qus2wghpxqqjmeez9reepxp0f4cpeay446c74c,0.035987
cosmos1r69aysu2evn03y8cmmj4hjpjy76yvx4l0nhxm3,0.033795
cosmos1rm80m68zra0q5m52s0m3unfxm2hk9lk7j5csc9,0.019721
cosmos1ffvsy0vhm75krs7fqqsngjrau4ysq90gavz470,0.012772
cosmos1gw9hu5zpe6yve6anzfd7pwe38kq7pg7vld88vp,0.010195
cosmos1tk6nh63c0ayx6aaj9wl299ghzz9zt2wdycd3jl,0.003847
cosmos1z9p077a57nygyscrt54tvulpj8hukwafuufmk9,0.002607
cosmos1ztfk3dglwhskqyktms2ts4n8dgq62s46ug6s97,0.001439
cosmos1v0pqs549den7t9253lys4zx68e5zezge0lf2qy,0.001224
cosmos1pq9h943cq80m4urh9kkethpjq63vvmdc04p4dp,0.001216
cosmos1gp2fw6jq0t7jn3ug04p6f39680780uledgvmmz,0.001188
cosmos1zydsfsherl2zp3ya2setfddvstk372lavvh8k7,0.000986
cosmos1g4hc38rrffnewpyugvd8ptycxrylzk008rhrdx,0.000509
cosmos1dg27u2fk3taggq0hzejhrfrxery4zpmjrau9lf,0.000327
cosmos19dvycygj2yck492dgqgd70uclclpe08yg4fk7n,0.000241
cosmos1rkknj6ynhuwqzfa0xfpluxdnjapvtrdcgdafaf,0.000240
cosmos124s2gsysmm3mujxe682l5hp56uus5p96yxqn5m,0.000178
cosmos1xwzy9fvywq7j9qp4cexxjchyj8ruh28e8whcda,0.000170
cosmos1ywkxynljd0hzk2ftsu9rze85pflh2crz99gwcp,0.000147
cosmos18ejuuy6ekhe9f0r837m03y0k4xq9y7tqqq4dzw,0.000131
cosmos1vt593lcc4g944wzh4jp8cgu0m8pj90z90rdd86,0.000122
cosmos1yw2sy8dsm4e8kgnq03za0yyzt6qr0rmem92ejw,0.000119
cosmos1gewmmsjuhq0kx555v8dywdyptvzwl2z73pqu8y,0.000117
cosmos1tuhzmaejrsurpd6y80f927s96ljypvzfyy39ka,0.000109
cosmos1g4vqmryvnv8kj75gm4834yzzecu289kh68ezz4,0.000108
cosmos1grqj6fxp2ekrf2qwlu7vwrgczlx2rlxgk8hqhx,0.000094
cosmos12nenz5qppyekvwuuet6lg2knzse4cdc5myyktd,0.000094
cosmos1zs57whsagx2kukl5nk26efp43upsrxye4hpndp,0.000085
cosmos1pzmzdd4enwl203mdxyt3fftwxvl7f7u7g7g68j,0.000081
cosmos1d6snxngnklts8agd64f3ctyu4cuj6u70f6v7we,0.000080
cosmos1dfqxqksjhun28yek7recpqv00u00mdpx3n5te7,0.000077
cosmos1f3fuct5f6ykl8z8cel8m2qk4gredl665v9spk6,0.000073
cosmos1g84y0v3qj4wg7879dpya4g0mdgwvj6r8z03ks3,0.000072
cosmos1q7qz5nw7f6678gmuh57d08avdu5l8xdmre5fzc,0.000072
cosmos1qfl6latnpdhzlgd2c4z425qfyde8etscj5jddz,0.000071
cosmos1r3068nthkuzt72ffzqydnp7d3nc962udqnctzw,0.000061
cosmos19ecraycqchyg2utz4lgry3htcs5mpqz3k2efjy,0.000060
cosmos1y74cnkfphkxxp4cpnmxzlccph8yzn9zxj2f539,0.000058
cosmos1ytghjrywcnr3ntdvhvfu7jkk3gqmyx4eaegqxy,0.000055
cosmos1ppya67rzfdwj547ju9l2ker5547gvglt37rcy6,0.000053
cosmos1re8a4xf2xter8cuqffyexj7dgpt9342zu3w0n2,0.000052
cosmos1rcgymhdfqkqd3errnpkwn4z7v585dayn2e69hj,0.000052
cosmos1yl8r72v9hl9cdz0ptk3rd5763zjqgjhawerymm,0.000050
cosmos1g9njdefpamfe84lj2vz8mz8vk79vlawmv47q4m,0.000049
cosmos18ank35aua8ftetpmvcsxwdqy4phelteelw7lu3,0.000048
cosmos12fw40mshm3usmfwtzasqvx8xnf6gxkt9w0cfeh,0.000047
cosmos18nl5gza3m5f5jvsjkp9kwsl4a8ppuleet25jsf,0.000045
cosmos1y2vdjzqv2df56kgf6x0kzszfgmd06xd2030276,0.000042
cosmos1p6adajclmaltlr9ynrcghltcdfw476nal0jwef,0.000042
cosmos199rhx0rspjpwjxaq8p7e03pzlvy6we2afs62xh,0.000041
cosmos1dgsk9vjepnmqdgffsv592x85jdw7cyezknzlg5,0.000040
cosmos1rh9vuurhrku00ddq0y2kqx0x76yuj2dqyrc6tf,0.000040
cosmos1v6ltlwhrstaytuj2z7ph4y3m6njg3lzr6sdjlk,0.000037
cosmos1rs8wmwd023zcsvg3ymvml24e5wlqv77wdvx4fs,0.000037
cosmos1986h6vdxp4s6najsxsgsmmfgdyf4vnqezx70df,0.000037
cosmos1tek2aneff3hu7lmhk5jmzjtkt87t3s288lyngy,0.000037
cosmos1feflhkfa8e60tvtttzqaarrjvy7ueqwvw27qlq,0.000036
cosmos1rhdmtc5guznpkgaqtupw5xyyryqr5usg4gs77e,0.000036
cosmos185sej3c36ruy7kaw0027yr7gezhj4zcfxnad0x,0.000036
cosmos1fpfe82cw4xwl3nvwxu8ugtq3nskvyva25v66jn,0.000036
cosmos1yhppklazvehhap0je5lerlpuwzq9jhzvs7svgu,0.000036
cosmos1gw9k7ch6gmmqsm7hl76tpfvn5z6965txvan7yd,0.000034
cosmos1tf435tvvx8cmzk9kxhc3e8dk3jqxu9fdm2dylu,0.000033
cosmos1ghd9wxsz5q2l7zn8pra7xtsfl5dmtg7536e0vh,0.000032
cosmos195vjs3xzxpd06442ny9ez5lwyteurdan5h7emq,0.000026
cosmos18njp2v6gqxg3wt4thdy3v7546p6h8pk7n43um4,0.000026
cosmos1rwacecm06qaleed52sszajandyenjkdf0c6n6c,0.000025
cosmos1fndqcsftqslwcrant8py8sr9c87z97x0ltnngv,0.000025
cosmos1wp9nrjsxtwlwqylfqzxv626vz5rqy8ck4wdpgd,0.000024
cosmos1wpnv8ymw0rzxrm6yaalm5ssmjtddcygd92jxpr,0.000024
cosmos1dpy72pqepeagpgs9x4uv8dj4040a0t8ckqhwx2,0.000024
cosmos1de5hnuuaqdynqlgztqq90mzchwhgf8823pnhfz,0.000024
cosmos1dmc466p7za4c45hnjhg2qtsanzz5yraglw35tp,0.000023
cosmos1txqwzpcl6f5dtagll8uwu3zkzp9atk3fdqvk6r,0.000023
cosmos19egvq66s6ktygvu3yd7xzzp4ffqedvw37mp4py,0.000023
cosmos1qfsc2tksks0797mm6rlq76wy6fg6m8zkpckgvq,0.000023
cosmos1wpyxu3edqn78tujc6h23ulzy4pn4gxqh7rhwxw,0.000023
cosmos1dn88wptds73rnzxacnj7lqwadm24sfjzqrngtd,0.000023
cosmos187ern52xj4lv6h5agtw88w66lvx2zem38hahp7,0.000023
cosmos1fyyr252uge2qvgya2qtl2ewzs7f0ss4qud5434,0.000022
cosmos193r2hq2u2usqrf9cjeg6n97kx4m76cxnutt0h7,0.000022
cosmos1fr9jh5jd5tulczp2p3pywlfu0zwem46hcxwvf9,0.000022
cosmos1yx2nlnwx6xl4948w8a33u89ls9nxahcfxl59qv,0.000022
cosmos1d8agqzwuvqmz8ema95vmgm9ca5pa5x6h9fvla3,0.000022
cosmos1g2r8h20kdmfze2eh43zr896at5yzsncz72mfjs,0.000020
cosmos1gzdjuh76ydnczwjuu8z0pgzexn5xw5zpzws53y,0.000020
cosmos1xunz7v7kxjlaw6d5j5vyqhe40h8ymc395t22ts,0.000020
cosmos1r0cysh5sjxngnmvdrlheldfq4ewuqp6m6v28ad,0.000020
cosmos18r2m5xjch535ut0yl8n4xeuq5w3rj8d4yhjx3v,0.000019
cosmos1pe54s54ajdd840hlysqgemzc3ahz2tplyjwxqj,0.000019
cosmos1tlyppkt3cm8t8atcw3d95gc4yfmaxe0uedc3sd,0.000019
cosmos1y3ys3aumm6zkdsz08ve393k8xxcphv3c4za2rc,0.000019
cosmos12wsvehxqc9an5da9rlzgv5lwjaa7ccpatf7e4d,0.000018
cosmos1dk5nkdp3ny9xyjzdshzykyt9fv6lput0asu64x,0.000018
cosmos1rmjwz83tfrhqer8stwe8nsrvvx3vg7yns7w260,0.000018
cosmos1xxxqz5sr4rvr3690cvg982gdzqwevx5mp4kt8f,0.000018
cosmos1947gj38yp3736znvlhzlqtfmwwpjxzdt0vv5aj,0.000018
cosmos1yws2wjd5kht39xc9qaxxn3ghszr3emdg35frct,0.000018
cosmos1d5jn2dwjm7sl6lnxch3lyjek6cfeqq8gglhkqz,0.000018
cosmos1rgnd3wftjyzm4j0jgkxlcvfhs4u6qafwtch60z,0.000018
cosmos1xa8m8nwnplf2z2e48ferxym259g8zq42mxmma8,0.000018
cosmos1ggtf8l2mhmp4eludsepzx5s7f46cpc5r0lnkd2,0.000017
cosmos1xnh88r2ut5nuksv3lkt6w5047f63slrmm7r3g5,0.000017
cosmos1qp9dxyv4e4gf4zmtrrgemsmuafehcl00screyr,0.000016
cosmos1ytfkp49y6638tj9kuvs3rq0964f3h2755py4ax,0.000016
cosmos1ptqd9aw95nea67aps39ftp2dwmmxv4ghp5frcg,0.000016
cosmos1rradsmzyuk88dyru5y096gyrqxhs566z78wy8f,0.000015
cosmos1ywgqentakep556swm9hfn55trszyy284v53pt8,0.000015
cosmos1gm65rljlp6l36g2w4cnzyug8sqc8ctmyurg43u,0.000015
cosmos1z3uwwup5mrc8aqj9u6g2mgqzztfclsa5d303dk,0.000014
cosmos12f0at5x9c9cpvkk9r7sc9rtf752kf3m6x27cqx,0.000014
cosmos1xqvx25syudazrtx7k6k3fgn2fqzddfvjurejfu,0.000014
cosmos1zdwtgule7d3ax7lzqvyh35ckw2xj6xunhz7y88,0.000014
cosmos1zr63u74w66nzzlxakj48d7s87rmecqhk652ujk,0.000014
cosmos1y06n0p036l44zuy7gajamas4nrcz2yjvfxeqgx,0.000014
cosmos12sw9vdqpl0v79qrhpmnxdym3g2nx0q57ss3tgr,0.000013
cosmos1xk3k8sexkcme4p4fugxerergdv9cw9tk26p460,0.000012
cosmos1tpcumddjd93kz6ah6awznjnmme9u7nkj9jaxle,0.000012
cosmos1pwqls6w9nvam0wz9f9tpkppxq7dwf4kkjwm5xq,0.000012
cosmos1ddg6m386wsvr9dwe4k0rh00cng4hv05av06sy6,0.000011
cosmos18czkh7gsv07x2r6tmh9wlg0wgcce4s7vj0fy0n,0.000011
cosmos1fmau3g66ycq6dj86r9wr4adc30qcv376t55m9d,0.000011
cosmos1y0dds22nqcuzugzd349ytvnjh55hryjwvk6ea7,0.000011
cosmos1zth606ytx48ng6uheht5v638l0q6v23egfk04v,0.000011
cosmos1p8v5ll9ce77x6nzzpu6xyvdvnwe3wfa566j86c,0.000010
cosmos19c0vjhzuplzz6xvpc5pmfqdrrsenr8740nmj06,0.000010
cosmos1x3z3qkq5d4gap4aezxwe3c0l8fuavww6dsxhka,0.000010
cosmos1ywasvdunusdlvjmf7dqlsq440xz00pvsv3jmf3,0.000010
cosmos1tcrqjnyft6j8msyl63ncqrwk3y7wpelfawz40y,0.000009
cosmos19a9dhd0tchcz7gxtz8z78y66tnud4zfnwuk7tr,0.000009
cosmos1gwu6w7rtnx8jjttgtq6f69ulfm05cn3hmxwmp5,0.000009
cosmos1ftvvklneatwxwrjg834ltutlpyxxrswu44v4q8,0.000009
cosmos1xlp6x8hm36pwzx8hjesfeu593n49fn4lsdgryg,0.000009
cosmos18pg2jumc8lzhukx6etj0m55gp9x8l2rmv797vm,0.000009
cosmos1xazujkr4h5d8p7ujeemmthz0shppg9076mmrr8,0.000009
cosmos1f9hkpp7dqpmypqn4vxzmxvued4z0px9a63zzzs,0.000009
cosmos1rh9cpf35ydlfe8c9kk0cxa6x3d6mqy3zuw2s34,0.000009
cosmos1fuuzjhtd4nszzpe9g5urm2434uq3wgq2q6mpyf,0.000009
cosmos1rf8dttsp3hv8j0gynud42z986pgvktrc33s778,0.000009
cosmos192qcdkyhpwd4s0sjeh77zkafn70740tj6khtp9,0.000009
cosmos185rswaz778tasy44ke6zgnny7t40sjj864xycs,0.000009
cosmos12nqkyk5l70e5j8vnwwewcv6zwjwy3frukrjjyh,0.000008
cosmos1xg3ylyq8tz9tgmgjwzr2mtqg2suja6fgeca3x4,0.000008
cosmos18j029edn3dm4kghjzy54yqh4jea0ffqh84afcq,0.000008
cosmos1z64ar3u6qghcvxfr4h5ks0acj05c92ka8kqsjg,0.000008
cosmos19fe0xvlrmwdzxdj3k9q6qw775k3t7u9ucrusux,0.000008
cosmos1pya0l5k6yk0hclrxhv2df0jlulg8uvhecr73zd,0.000008
cosmos1gedp0qt63nkkl0wu78nkwp2yra24lklmyrveq8,0.000008
cosmos1t9nc9p58z6jv8jqvhevugxr0x7060tm8ajddkn,0.000008
cosmos1fu46gucv5a39uwnu3un4hwm7v4kfsqj9yrurk0,0.000008
cosmos19n7839u606jwfdu2kr5ctrsl2udyttvt2856hl,0.000008
cosmos1xx47efutry4f2ul59s2ff67adwupznmk4e3u83,0.000007
cosmos19ngy88uunen6s9my8pdadhe03ca3hwx93kgegm,0.000007
cosmos1f450fuld9m442ru5encs4qtcsdh2t9z8n0zu4t,0.000007
cosmos1xqxfy7uxts9dthmphtyv6ecycn8dqrym3jh5ll,0.000007
cosmos1935q0zmph5t8h4p5f4xp9wr45gjw40tl9typhx,0.000007
cosmos1tkd2t9vql7l2jv86xfrllxxpx5zjrxpngflzqn,0.000007
cosmos1z0cyf0u4x4g9pjxhsfy36eag8m3q4z2h62z6ch,0.000007
cosmos1qkr97xskq9n6ctygaw2mp2lj477xxne8zzenqx,0.000007
cosmos19x85eua62exu7hpf4znxe98tmhmg480et93lm6,0.000007
cosmos1yllcseafpaa76uq2u3tel6nq2ts4edsw45dyp5,0.000007
cosmos123kc4zjq3472n2svhcxgsk64gx4xwm2r7ucapr,0.000007
cosmos1xjcthzsey888nwauyq25tvn4cvajh2qs5tghrv,0.000007
cosmos1x24e858grjugem9ssezlwghf4stsv9v6arkku7,0.000007
cosmos1p9mytxpvt59p5q22ndks6hh6hhl45dec5e4jvm,0.000007
cosmos1t3znp9vlc2m2jx0zkrsxrdxtgfdmzxeqlev89n,0.000007
cosmos1xwkz3u2rxwajec8q7np392fu3zrlvt82xh64ww,0.000007
cosmos1r2me99qcn85364eac4rqykels65ddqjw43xayl,0.000007
cosmos1g7s86959fgatcyp7e8mn3us2axruy3u5f7uz8p,0.000007
cosmos1t4xvnv9k9q89cravms668dt7epvdrw8zlgxn3s,0.000007
cosmos1fusr3vdmhn5fr23l3kka7dc88wdc4rnhrzrqvh,0.000007
cosmos1tvxtvlyslqwaq9zuge2kd7wuhcd9kzt2xnkjj7,0.000007
cosmos1ygrg0t9qm5p2p7qnwe9mh5sfxkwxecnh5c7u77,0.000007
cosmos19x2rjuh63jypzaj3zsyr8swu76reca7qvy4t9q,0.000007
cosmos1gaf3l2qy3l9qe3yvulwdgx40xrxl9ldwj9r37g,0.000007
cosmos1vt3j4h3d2dxmqnu36ejk20jds48lypy0cc9f9v,0.000007
cosmos1fjplreffsk5h57tnd08p5ccc4h63mxthsma0c6,0.000007
cosmos12qm40p86zxc03jsct9a8nctfa57ngrahd4wtlz,0.000007
cosmos1gmnqnxckuzrjhg56rm7jzrty9skex95sqzwz7h,0.000007
cosmos19l5vqu403kd45qf6stc54hja7sdt6tn4wp77y6,0.000007
cosmos1x70y7qzze8r9uvsy0ndtavhw4vcw2s9lwc8u9g,0.000006
cosmos1t7h3mvyzanz3enaepqwyg9dp2jw6an5fvjm9d9,0.000006
cosmos1xe96nyfdedf4qfu7vjpkau2xq88q37fw7yhk8j,0.000006
cosmos1zvhz2nqmtt9jxgnp07wpwdg9fhykf0tqtjkfpr,0.000006
cosmos126ygdxx4uk25pvmhnzjq20clla6heymwp7dkzx,0.000006
cosmos1289x8v9txvzxpmqwexn07u4jddvvlwv38sn7gh,0.000006
cosmos1r69unxe63naxxczsd3yus7rf0j4fasnzrzw6ju,0.000006
cosmos1v6xsc2qtlsqqc294pglhspyl67u4rct6ax2mah,0.000006
cosmos1zlj4j0jda46884gxemed636earkmrupupv03d6,0.000005
cosmos1rzhjtm2xmyt4fm8sc5fty7pc5rn8qg3j7gp4ka,0.000005
cosmos1dx064j0ky8a3km83dwejj50g6ga94fy4u98au9,0.000005
cosmos18u38j9h4hldqv3wzqmmk6asveymawlc3fs09gc,0.000005
cosmos1pkga5n8v60dcg3mrhk2z66twncy4r80qkflah7,0.000005
cosmos1fn87m2aylzphndf9nnweq8vmu64k90an0vt2nv,0.000005
cosmos1psv8mxyz6qx38sgdspgy92gyz8c0ddnephj753,0.000005
cosmos1gqu84pyed65mlfyfysjx5vxswlpra5de3h464g,0.000005
cosmos19688kthul59wf8nn76u3mvfrqmrt6pka8as93n,0.000005
cosmos1dq52v7hqwl66p3g54remnlfytpcxy5cs5s3ndy,0.000004
cosmos1q0u5tvkajpqc0q5qaq9dr8pklkf3xrxym9ke9x,0.000004
cosmos1g72chr769fulltx0dqu33j5398spgpmtzsqc6t,0.000004
cosmos1t3jww6x5ejnmnrv3ugqnaxykr4pj6gsfmk3jj9,0.000004
cosmos1zct5cjl5p2kvm87lypasz3crul4tpfms6ewanq,0.000004
cosmos18j8talqv3a6rdf0clcfrad2szzgd57x32hvh4h,0.000004
cosmos182zhgh9ajgpv7netmjyfnhy69jx8yk0j2lxdsn,0.000004
cosmos1v09lrgf4zmqwupzmqxjlh60lcuyg9ueugvu57y,0.000004
cosmos1rz5kp9hf88xch8prw8l8wcdegvuwr4h2cv7mhw,0.000004
cosmos190fs9ey596tkpmwpwdx5ewjzahhjzay87ycqgj,0.000004
cosmos1qu6vrwyq05m5kpe4lh7cucanpfl3g3my5nkvsj,0.000004
cosmos1dzswpztq9tlemclw8nadrh5r9nkpdg3ktgm7ar,0.000004
cosmos1pnmns8yhsalje93mvmrzex4cu4kqkl7tvpmv47,0.000004
cosmos1pmwplp7jm8xycfdy885053dyr7ha39ksjats9d,0.000004
cosmos12t220q68dlkt6ndayw7l4dxdwfyxenp99q7zau,0.000004
cosmos1pqxs40f0alyl5ntrgc9g37rvqvwlt0hh2qd7lt,0.000004
cosmos1tpmfz76vg8t7q6rcqdsxuldv39shy3m2pxcc4x,0.000004
cosmos1dlus2gameuvmm6yrpkycvhjyfn27h4ps2cw0w5,0.000004
cosmos19p5amgdm8rjwp5hl674m536yrp2c26qzywlqqu,0.000004
cosmos180fk3rzwu2d8ductfa5gthgt8fwtvfw946ut9z,0.000004
cosmos1p0w8dtgmgev4wwjsarf2as4mtyww267e43eetm,0.000004
cosmos1ytul8ym9uemy8z44ajh0wfnas8spsf9d7ld4rx,0.000004
cosmos1f9u0vnwpxgk3lpllumh7n5au2lhe9p29vm4xev,0.000004
cosmos1zuv546ms2n8ppxas52vetyarhq6cfq5z69exxq,0.000004
cosmos1z523zngd5587v6aj8w4c08plh7tq20lcvr5mh5,0.000004
cosmos1txr8ygf7nlmtncvctqjex2rlspsrdw0uz6lcte,0.000004
cosmos1qxf9vzmmusw8vxes5v0mclr3625mayz9htg5dj,0.000004
cosmos1rwgcgudx3ymwnyy4puy6kafmwx9ljpj3v49yp3,0.000004
cosmos1fuwdj2jdnvevtdns4zk49j6qmr7arw3st0l9a2,0.000004
cosmos1guxj84xw9fxt57dxp9vf9ytdasjl9qk2ge53jw,0.000004
cosmos1dac4vyfd6qycd3p6kg8t9katgwl7dwm9033ttd,0.000004
cosmos1yg0fszvqsk6fksctjxzuuqz4g7ejz5yc0qwe6f,0.000004
cosmos1gwae5qssutfluqww7zd8mdsdcunkgm50v6ht60,0.000004
cosmos125zd3jg3ygwd49tw8z7sgr3cda0rd5sqx0hwu2,0.000004
cosmos1pwsvxgqqa846gk5nk49dvsz42f8x4lzk4wprtv,0.000004
cosmos1qwwz2fynavqnrv00mg78u6lxf4lesdxkangrzl,0.000004
cosmos1tsw6eyelt6ewq9dw8jn4xle6rd6tz72uyum7c3,0.000004
cosmos1qq2jdkpt0ure3mcw270un7m8tqmwhh49ma96tp,0.000004
cosmos1qflwsepgktt8xukt70h3s4ha4undhavrwxg0q5,0.000004
cosmos1zga237zyejje3jvehaagkl2kgtfst6ad8tved3,0.000004
cosmos193y6f4yu92frd3krw6ttvq88yh6q9lann6mklp,0.000004
cosmos1gmtzpd0pm20xkcg9fww4nstzp6rdyy0sgunzw7,0.000004
cosmos12w7cr80htag8046z5fssea94sxe8059srl7pyw,0.000004
cosmos1tw358dgd4fpdxjal5zcvkvyrc2s730qjzxc2g3,0.000004
cosmos1q5r84493qjmuc70afsfd9fazczzsyudrklk7tf,0.000004
cosmos1zeujgadv5hm6fn53zppx7aufle464k3mf358uq,0.000004
cosmos1gymtgphlxcm6aau3fpjz8q33mt70m5de4arg98,0.000004
cosmos1pkxqgqpqhzdsla04hh3uy544cy80dshqdwfkvp,0.000004
cosmos1zhx7mqyzyxtlcew36xwsnfeap3pkhz0uk53at3,0.000004
cosmos1rkljn8r2nmwj0ggeyl74g9ewg7j9m3kx9kryzm,0.000003
cosmos1t5k8hym2vmr9c6p2vhv2rhznlfddzfkeqesfte,0.000003
cosmos1x3ltf7x3jsyu9ett0wc5c4ehe6ymxtlv5p8lyp,0.000003
cosmos18m37nntddcq4gv2g7wl4dufftry0q27j252mrz,0.000003
cosmos19605njzf6uxk3x8ungrc53cw5z2f2h5lst2gww,0.000003
cosmos1yjtu8a373vk60wp6kcnkm3qyfhypasdrhu2s9v,0.000003
cosmos1rv5yjmvtqzjn3u0kkak0n2uhfgkzllf95l0x7m,0.000003
cosmos1gu0qj7xusmgff2pwa89exs0tvc9k7rjalnke08,0.000003
cosmos1p6906xu66zet86hne5z3m6lrekc29gw8w09z99,0.000003
cosmos18xurh67wemx5cwnslju43f5vljmyd9f9lls48m,0.000003
cosmos1rmhuz3myz75a5a4axaed5pp82daxtrv8hjfew4,0.000003
cosmos1r22t76dayhqwmeyse785wzf6j94w9qatr9gyhp,0.000003
cosmos1rrj0ur30ry0pm82rhjkr8skaphg7jumme7zqaq,0.000003
cosmos180ef3u5uyyz0rg8gaatxj4f6wy6t3ead62x4a9,0.000003
cosmos1ydvz9ap6ukxhsaupv6zstftyaepwv5399szt4p,0.000003
cosmos1dzh2m5fntyxhm8mpez7vwaftq09eyfpgw598yf,0.000002
cosmos1pujpfg34u8vfyal66g073efcdy33rhuzcfc76f,0.000002
cosmos1r65gzul338z27c2qk83vajmqkvm56cwqzdq4lq,0.000002
cosmos18tff7mwg900tfzmnnkwczr88genxz7ngt3sdpq,0.000002
cosmos1fxgsw7an2g4de2k8pgwjgqrqtgyt2ju9uqv5l6,0.000002
cosmos19g7dtz7zsk7ka5afu97hv00hywaz0nzn8r7e0y,0.000002
cosmos1zvfuak3n5wgrnptyq3ks0uwgqz07c33s6h26ry,0.000002
cosmos1qegv58y98m22pqlff66xn6f9radrz5uad29hjf,0.000002
cosmos1d9ls3nx9vdqdsjudmkvm36wnr2r886nq9qmwlr,0.000002
cosmos1fwl8nud09cnh76r8fxsatjyf20eaycf6tw6yzs,0.000001
cosmos1dcqssrspmg9c0xxfkr4quawhtk0ynawlwwl70c,0.000001
cosmos1zfp2daa6czt2x76rr3hl6wqfu2mx0ny464lfe0,0.000001
cosmos128dkgmwdg3d6du4p6gw2yea78knx44v6aqnr4y,0.000001
cosmos12j2g0hhvwpqkjr707823ap4z0g9zl9cr4qlc9z,0.000001
cosmos1qke04rp5n453kngn48f2mfkkyw6avl7nrryj0x,0.000001
cosmos1ymglhkx6r699cqrhphydcnjwl3x60hs56wy0du,0.000001
cosmos1qly96sy3yklkwv6cf4he5ves4qu8yn586gnqjk,0.000001
cosmos1p0tw0af0rfjmtghh92erq8dus6plk6x0nfwqvn,0.000001
cosmos184s96rvrnyagajqtd0jk6ce8l3lxzff4e9vx0q,0.000001
cosmos1dre9aqfzp8gsxa9xh68xfkw3w8t3jkgv9dcdnl,0.000001
cosmos1y8ykldvzxteyqg2clu0gaj6w4mg2jezp4nh2ec,0.000001
cosmos18l38shwyk7r8tpyp5qggjfw7hpa6ne96gfs2w9,0.000001
cosmos1x5xtc5yplpxlucq8sn24z7amgakqmwrzygsh5c,0.000001
cosmos1vx2lqms3paj6qne69pnjldzal2m5ps5a2wc20z,0.000001
cosmos1xtu00vvqwnh59tlxqsnncla3279getrgfv8kn9,0.000001
cosmos1qakz2e06jcu5v4et7czw267tk7wly9n4a4dz2z,0.000001
cosmos1t80shzr0hmcf9zac5z27vutkwtdvaffgn96ztf,0.000001
cosmos1yngf2m2wh2zs2dsvxp2wqk75teusxuw2umwenh,0.000001
cosmos1qazqc3wr40y3z5gnmydrpxnz5zvxlqwpp3el6d,0.000001
cosmos18fthjey468hws2sn2gmwdylnug7h6s0hhmfut6,0.000001
cosmos1fz9xunpp7eer042fucj7akqsselxn845jne9cd,0.000001
cosmos199hxergehprucse5eclzem07rf52lnfwcfpwg0,0.000001
cosmos1fhewm69hew622tkx5w2c2njmc65a7tyaaadtj4,0.000001
cosmos1ghug4c8vygcc0rr7jw0v92pj29gaas3xy3r5ut,0.000001
cosmos1fp5d4xakasal9vl4ek57edz06gey2466yw3p3c,0.000001
cosmos19vvgwcqgeclj8xfwuzmah8g786k5kkdceyg5tk,0.000001
cosmos1py7vnejer4auv8e0dyexvgkas4q08wpp33jtyx,0.000001
cosmos1vejfs9z4egd7h4kq4w95ctz9ap68swvjd9p50h,0.000001
cosmos19dhrq6fuhfmc5rny83y4ldsj3ux2qm8mhmvv2l,0.000001
cosmos1z424a02vjzq5vnynnfpvmeaemqazxkf2d6s8g4,0.000001
cosmos18gnmes204hy2ehn7xnuzs273fvgttp4k90rj4x,0.000001
cosmos1xntyhuvehuacm7m2sut8gcm85s9r0r2ga9grac,0.000001
cosmos1y0rugyah70x3q2t325vmczg76s4vladthfefny,0.000001
cosmos19kg806zgtvtunw3dz8c6lh67ht3a3ugpl7p55l,0.000001
cosmos1rat68x5jd0u7mxkpkllel93dul3mtm6czflpc9,0.000001
cosmos1fw9c7mnmlq8z8qwv45cltha2xfg802gq44a8r0,0.000001
cosmos18kdl4wvfuuvux0856an39ql7742gre0lram8sz,0.000001
cosmos1gl5377hm8ql35a6sgyjl0tfph93dxnm2w4m0xa,0.000001
cosmos1td95zcegkf9z2m4yxakf8qwlv6srfnd04qw6mf,0.000001
cosmos1zr4eyvl4wf890dnhl9hanew4s4hcrxwex2yl0e,0.000001
cosmos1qp6n9kdn2ywjrtp8gamypezlgllqqa4lcuv36r,0.000001
cosmos1vhyqz95vsq0j3k7575vqef47f5avvqntadd6z0,0.000001
cosmos1qnxyjgxk4lj9dgwuh63u9hkfegak84nqpvpmcd,0.000001
cosmos1g705ljd5curefnnjs33qsrpa5x5njgl88u6zq8,0.000001
cosmos1g6f8fgzmx6gkk7xhxtzyx6vxxseyf0y0aa3qmp,0.000001
cosmos1q7ggmc7s25tk0l35t59hnt425xrm96vw6acz26,0.000001
cosmos1ym0cf0gq2ckk0rw7jvgyg9m2wxfgt7dne5vzzh,0.000000
cosmos1xhffya7wzj578hwkha8fygeaxjth93q0hf7kck,0.000000
cosmos1r5qkmvn9hnv0pugejr73639w07d2mughnm7qxa,0.000000
cosmos1y5ts7e5werd2mlpz0ksfexa7r04srlxkamna4r,0.000000
cosmos188zumy54u8fpwqlk3yd8ektv95jgy99exxh9cd,0.000000
cosmos1wqcwfmpmpk2tcszvag9cwunccgahph7y3ys98s,0.000000
cosmos180ynuv75xep5lr8dk6wz0e0czuvlyphk8gcr85,0.000000
cosmos1gfaqwnslxf50zcfrlaym3lhkzuq6l47gzn25dd,0.000000
cosmos1gj9cgfdae0v4k3a8vjvm7y2dwt4lycutkmqm25,0.000000
cosmos1p9he4f4n96rgtf23hdvysjvhzqs5uk8gva576y,0.000000
cosmos1z74ey263de7x2vq76h7kjd5qn5nk80tyca20zg,0.000000
cosmos182mvuypmkgktt3jhzkvmsspazs56eyl3v66hq6,0.000000
cosmos1v7pkmzzd9tl4qlhh2daelekqjr8638s5yg8ps6,0.000000
cosmos1t20v3y8ddpzxkuj98hrqw550h978x22lzmynsl,0.000000
cosmos1wzcj82k38arvrvxl8ykkqky999r2cstpk9r2dq,0.000000
cosmos12rxwd5a9h2fugpx0g80mdt6rpekyerhtl2peel,0.000000
cosmos1gkfvxgq6y9zjcsm35ya0eevgnaxqxsja26kr6f,0.000000
cosmos12zw7a8gq6dens2y76ckn6g6lq0s0ztey3pngc9,0.000000
cosmos1drcuu7u5uyxwgq9v6n332vmj9kyt90vfn7jma5,0.000000
cosmos1gq80rlg5cwj7u0e5r5q6m0448jytzemyeznumt,0.000000
cosmos1z34z3cm69nnuek7ast4er6qkrpv2pskjc2knpn,0.000000
cosmos1ph0t7vlkjyuznkk0tptwtkq0mv68dal7uutz5j,0.000000
cosmos1zvyyqgjuxm9mjc4hhcgxr7gczmnvmkjhdjd3k5,0.000000
cosmos12ufqu40345cpruhdvnyvly3l5y6lcdsx2hc2p5,0.000000
cosmos1p8mdd9k55whpdasstljewdhajz37a7ds22lvnq,0.000000
cosmos1pj7v03468qlzjgffjt93val5d88qkjhclkh086,0.000000
cosmos1zfd9r8tgagw27n753f8aswuuu0fyrly2vs5pwp,0.000000
cosmos1f0vx383fgxnurmthh7z52ar2cp6u5mrvz06udj,0.000000
cosmos1ru0nkmkxqc7w6f6jam5aplcelfz5rhh4wk6h6z,0.000000
cosmos1qmwxsfq90zn0reggntf3erssylc3vh8k5zezrf,0.000000
cosmos1zk37zkws5sd7v8x5c9a24glde4erev423rvxqz,0.000000
cosmos1dhgjw3su7l0dtuk7rge3wnce89uky8nher68tq,0.000000
cosmos1z4ddpl38k3ctpwptkdsv9alv6apx8d6zag9h77,0.000000
cosmos1y0gzuhgz27hua6lmvpzw2eat2ztl6r04ysy0t0,0.000000
cosmos1gv33d9em08kpgdsyv3l559gt9068u8du44e8tq,0.000000
cosmos1qkzvzhhqhc998u0dqgzjmmmm36zpdk65qu2e67,0.000000
cosmos1xnkxmly5tqz8rvf39ha5kjm2khlp23gcsgwh3w,0.000000
cosmos1dlzkkga8lpdqddalqd42etznxjfe3jj5w9wcnm,0.000000
cosmos1v8ppd0hn0569wmc6uuk2s5q3c494sqr66v8mz8,0.000000
cosmos1ztm2lhwm3m4fns2kseru6q76hcvhsfk0dmp06e,0.000000
cosmos1zzfq5pp7cmzkt0n9csk56z4tlgydc3hcw0e7lx,0.000000
cosmos1r9l943y0ztpsnsryth3n6dfq4fu2lm66ceskre,0.000000
cosmos1vsp99jpqvpm9tyvhnfg90dh8gcwmlnyxqf5skx,0.000000
cosmos1r0rwg60uhtwz008p26lrx90eq9zpchf97f2nyg,0.000000
cosmos1r3qqvnlfzve0s2cu7xf49ptpyjpm96uumvp2nk,0.000000
cosmos1zjwywpskezj93uk9z0qux8yy3z9aza3hzgyff0,0.000000
cosmos18h57yctqdq4em0dpfu75m3zkj97l32glcl2vul,0.000000
cosmos1vhs3qwlum0ud6n3unlneyuxp6vhj4s02scudph,0.000000
cosmos1t3jcsxgxy3d3a07ry9xx4drupxs6mr53get2hm,0.000000
cosmos18hdvckzwajktj5llx3mhqcddx50k0zuah4y37r,0.000000
cosmos1xf0lfqxxrxwz76ulvwy597e3ajrc2zmzkfusey,0.000000
cosmos18j4f8zfmhacxdyh4wv490yjm46cu32hs4mp4y2,0.000000
cosmos1f96rpqp9u7vw4yy7levqpg8ha8z5pn7ve3fhen,0.000000
cosmos1zqh7zv7awaukhsndg9jjmrn0280ce02p8w2n6a,0.000000
cosmos1gy2j8ehrekxvpsmqdcz8dg7kwlfqzujglqeku7,0.000000
cosmos1gufpnrzqqscmr95pjp7r92d4kl7qxsnqka6axp,0.000000
cosmos1x2qsc9jdcu6twgdge53y6mdwdrcvrtsdmk6tjt,0.000000
cosmos1fm932e8ahphvgnnwqqazj5m3sduulha6eptuv3,0.000000
cosmos1280a9uzawa45a2ssy3mf7ykd5a924hxct434pl,0.000000
cosmos12dxtdvq806cy3fnxxlejpm787fp4wyr8puwq3v,0.000000
cosmos1rxdx2a74hwan6sarkyhs8d3qg22mtcxh3372vx,0.000000
cosmos18s3ae2unlna8v5t44jua3wemh4j9dvesl4dahp,0.000000
cosmos1t7ma2yezs9xyule4fs5w7r2regk8vvh660k8ju,0.000000
cosmos1pq6c4medq3a668g7a8a2wa3rnrrfslfyynm5y6,0.000000
cosmos12whk9uluvc4e75xjsyxf2dnk65kpwwjxl7m8t3,0.000000
cosmos1za5k5hwnsa85vh0x5mmrze5p05e9he50jt8323,0.000000
cosmos1rqxq6e9etxrcvd4agfk9wyepj0hpaxjzh8uceg,0.000000
cosmos19sw0cvrjmhxq8d0p3fd0zk55cv39dsdv9a2kle,0.000000
cosmos19nfnw65yrmqayen6j69vt33c0jk6wd7nutu8fw,0.000000
cosmos1tqv6cch9ypwe2hrke07pawns8syf69ze7clzvx,0.000000
cosmos1pyrmvk2hy7u246wpdjgxk9w0ehtjttqhs8rddj,0.000000
cosmos1tmhl9regs9jf2efgy6rjs5tdduh5rx2dz3nxs0,0.000000
cosmos1rgafe982f5d6hkqn9u5x7gysh832j0d2ldvh2f,0.000000
cosmos1zpz5geyn0eurae9zdgn59g7ndptxlmrk5asyc8,0.000000
cosmos1dusjyqwlgj9aln4f5a7q9h5h3ynyv94veu48x9,0.000000
cosmos1xth9jcmn566fan4cpsxaufsd3e45vt4amdy6pk,0.000000
cosmos18l8jd9t0xk7zxufkc5wh5xhfjam86umhfxvtee,0.000000
cosmos1v7x563uz4jxlp3cmqneh5475rksvwf9rhf3zhl,0.000000
cosmos1fw7n5ulph6csdyjvy7p8t2p800g3g7gp40tllg,0.000000
cosmos12g5kgr257sr8tq4vrvll5h84dy094u089scv6z,0.000000
cosmos1vlyt0swp7dyhegcn73sfhn260zkltapfkcjehn,0.000000
cosmos1vz634mfdl2ej7k4kl8tycur77fnnz7xs3yfz0h,0.000000
cosmos1y05qzmcpkerph39sxygqw35k4reeahmayjqft9,0.000000
cosmos1rcmdspks04re0d6ygtrp822zklq2gy5l0epudg,0.000000
cosmos1xu3sqay0gmr9s8zyquvzkjlv0nlntshumphz6g,0.000000
cosmos12px5ggtvwm47xy6z9m9ek25rjryvrcffkdp3pm,0.000000
cosmos1d98q7s4sna89jjl7gv6h34qkqdhurf0l25txtz,0.000000
cosmos1pzvl06c308h5g9hn5yyp6pfrsqxd2pny6ey3dx,0.000000
cosmos1tgjv7sza9sy6l9s4lu9807wdujeyfxhy9y3vj0,0.000000
cosmos1xdf82x49q9t2c3fekjuax3rh5hhhzm6uehdf6n,0.000000
cosmos12yn2uqzvdrryh2fs5fu8f8s2sq8ath03ex24s4,0.000000
cosmos12gyq6jwt79yjw7llnkgnkxshfudfnvpmtfndkz,0.000000
cosmos1wrrvhv43a0w7968tzr6kka6ed37u848p8n7v52,0.000000
cosmos1fk3w3k7wtpl35q0wjju09yngeex095r08wt9ea,0.000000
cosmos1f5ckqcnmj3vr295xdkyv5curgj2qgf63xz5n7u,0.000000
cosmos12u73zvkaccxl256mhyve532z0s6reelh7rqg9d,0.000000
cosmos1vz4m2uzanqk5cqlzm4d0grskf9herzxxvcalgs,0.000000
cosmos1fml7ej5st79mp3x8ezru0ez7n0jkmcdk4vzccu,0.000000
cosmos1xm538xstqu4e9vqzx6mv04rwjaqjst5pecdv3j,0.000000
cosmos1rtckjmu3g8r6s5cfmn4x7ndmllwctl52rzv3a8,0.000000
cosmos1v2hjn70qzgcp2tyjysgncqkx6zmn4mqzfc6c5v,0.000000
cosmos1gc6d2st8hq5ned2t9rm6d6pm82nxykxc0jc3y5,0.000000
cosmos1zz03gwhf23ljvke3gmw5pv60hkvk0cd9rymcf0,0.000000
cosmos1fxlg79jkwc850ep8tghj6uva39e8ne7kvvt4mp,0.000000
cosmos1dqu9r7rw538tgfh7h0qeaugux476xmwrl8e9es,0.000000
cosmos19g8lqjfpu64djnagt5uuzkpa32w6ll02mgcvxr,0.000000
cosmos1dwyy8gplzefccqcqwvt3dqunx80da0e6tjznac,0.000000
cosmos18xp7dt3fcjm6vzn3n7pqlevrmfpdr05ph2pe7r,0.000000
cosmos1rzp6h3waazrhtmp5g9u8xts6gfa5x56a95lcjp,0.000000
cosmos1gkfxs7sdhvnwkwvmyzg5y5uyuzd898gfl638sx,0.000000
cosmos1ylu3hvfv4r89qyht5gu3jhl6gwefjf7gy80fme,0.000000
cosmos19vaz2xvl9u076v7m3y0d0fwtph3g54suctpw80,0.000000
cosmos1gt3sw6kcshkf8ecd09mj576phyeujtsw6g8cvx,0.000000
cosmos1rd9vttj54d5lr7qranxz7jv7ff8h0lay700cdj,0.000000
cosmos1d9387cflycc4xj2c94qg3xwt7tvfvdpl9mquva,0.000000
cosmos1ret2lxwrzf6vsdftkkpwrz8s62ltfs2jafj3xu,0.000000
cosmos1yauqd3a8x45nwh86peet6unu9mepvp7hw2a0wm,0.000000
cosmos186yqtchjy6w28w36c4z6smamkwnl3v0gl3r6xu,0.000000
cosmos1v59ugean8088v55z2hn0wdy6e4l2gx85kc86xl,0.000000
cosmos1yja4zya0yz3qqfcsa0qjpcufn2rcv4t6zlyn3z,0.000000
cosmos1v0psdcfj65a9st52n87dgycgg72ydaaupse30h,0.000000
cosmos1zl7p0m452vzk838dqr09f4pptv89prewetglda,0.000000
cosmos1qu5z46wptvjasafgxns9hgvr6yq37r4vkmh025,0.000000
cosmos1rfgh3zdwds2vsq8lxr8mcmg9kd8te6a5l2m085,0.000000
cosmos1v9v9uf66s2p4axcq58q6xzhjur4ke0rywxqrtx,0.000000
cosmos1q0tluclyy3tytlw9zwcgqy3k8t3vdvv0tyx3qh,0.000000
cosmos1d26t2g9hdjkct7zf54wq6v2cnrf3ld5038gntg,0.000000
cosmos1yuckfm3cxymxa2et4mr2jak9tceyhszxsal2x0,